{
    "SPEAKER_00": [
        [
            0.9590937500000001,
            40.71659375
        ],
        [
            44.27721875,
            83.98409375
        ],
        [
            240.98909375000002,
            241.36034375000003
        ],
        [
            360.53159375,
            360.56534375
        ],
        [
            360.58221875000004,
            360.97034375000004
        ],
        [
            406.22909375,
            406.56659375000004
        ],
        [
            415.07159375000003,
            415.47659375
        ],
        [
            420.55596875000003,
            420.91034375000004
        ],
        [
            449.14221875000004,
            449.37846875
        ],
        [
            450.13784375,
            451.01534375000006
        ],
        [
            452.38221875000005,
            452.78721875
        ],
        [
            528.47159375,
            528.7922187500001
        ],
        [
            543.3215937500001,
            543.62534375
        ],
        [
            632.50596875,
            632.5734687500001
        ],
        [
            735.8147187500001,
            736.2365937500001
        ],
        [
            765.44721875,
            765.81846875
        ],
        [
            860.35221875,
            860.3859687500001
        ],
        [
            866.1909687500001,
            866.5959687500001
        ],
        [
            993.3103437500001,
            993.7153437500001
        ],
        [
            1015.5009687500001,
            1015.58534375
        ],
        [
            1020.1584687500001,
            1020.49596875
        ],
        [
            1047.7322187500001,
            1047.96846875
        ],
        [
            1076.4197187500001,
            1076.8922187500002
        ],
        [
            1093.4297187500001,
            1148.4759687500002
        ],
        [
            1157.35221875,
            1171.1053437500002
        ],
        [
            1171.57784375,
            1178.5472187500002
        ],
        [
            1178.9690937500002,
            1186.36034375
        ],
        [
            1186.91721875,
            1192.28346875
        ],
        [
            1192.5028437500002,
            1199.7590937500001
        ],
        [
            1657.7634687500001,
            1658.1009687500002
        ]
    ],
    "SPEAKER_02": [
        [
            91.02096875000001,
            111.11909375
        ],
        [
            112.31721875000001,
            115.32096875
        ],
        [
            117.24471875,
            132.71909375
        ],
        [
            204.30284375000002,
            206.49659375000002
        ],
        [
            206.85096875000002,
            208.80846875
        ],
        [
            225.14346875,
            228.83909375000002
        ],
        [
            279.58221875000004,
            279.63284375
        ],
        [
            296.94659375000003,
            345.73221875
        ],
        [
            360.56534375,
            360.58221875000004
        ],
        [
            430.54596875000004,
            437.66721875
        ],
        [
            440.02971875000003,
            440.75534375
        ],
        [
            480.66471875,
            491.00909375000003
        ],
        [
            492.12284375,
            507.32721875000004
        ],
        [
            553.37909375,
            556.99034375
        ],
        [
            576.02534375,
            596.4609687500001
        ],
        [
            649.38096875,
            649.80284375
        ],
        [
            650.49471875,
            650.7478437500001
        ],
        [
            653.78534375,
            653.9540937500001
        ],
        [
            656.99159375,
            668.93909375
        ],
        [
            704.81534375,
            711.39659375
        ],
        [
            712.99971875,
            715.4465937500001
        ],
        [
            745.02846875,
            745.33221875
        ],
        [
            748.15034375,
            748.7240937500001
        ],
        [
            780.5334687500001,
            780.71909375
        ],
        [
            781.57971875,
            783.9084687500001
        ],
        [
            784.11096875,
            784.12784375
        ],
        [
            789.3928437500001,
            791.04659375
        ],
        [
            792.7509687500001,
            793.12221875
        ],
        [
            794.92784375,
            799.72034375
        ],
        [
            807.71909375,
            820.99971875
        ],
        [
            846.5990937500001,
            853.3490937500001
        ],
        [
            853.73721875,
            854.04096875
        ],
        [
            856.8759687500001,
            857.36534375
        ],
        [
            859.76159375,
            860.35221875
        ],
        [
            874.6284687500001,
            874.81409375
        ],
        [
            875.37096875,
            886.37346875
        ],
        [
            909.8803437500001,
            927.16034375
        ],
        [
            956.13471875,
            956.6072187500001
        ],
        [
            956.79284375,
            976.1315937500001
        ],
        [
            1015.58534375,
            1016.83409375
        ],
        [
            1027.6847187500002,
            1028.6634687500002
        ],
        [
            1031.6165937500002,
            1034.63721875
        ],
        [
            1086.2578437500001,
            1087.4390937500002
        ],
        [
            1088.7215937500002,
            1089.02534375
        ],
        [
            1210.6097187500002,
            1232.1084687500002
        ],
        [
            1238.2847187500001,
            1238.79096875
        ],
        [
            1294.5965937500002,
            1299.0347187500001
        ],
        [
            1306.18971875,
            1330.4390937500002
        ],
        [
            1330.6922187500002,
            1335.7715937500002
        ],
        [
            1361.3709687500002,
            1367.0240937500002
        ],
        [
            1367.17596875,
            1367.32784375
        ],
        [
            1391.4422187500002,
            1402.4278437500002
        ],
        [
            1408.80659375,
            1409.22846875
        ],
        [
            1411.7259687500002,
            1412.2828437500002
        ],
        [
            1412.5528437500002,
            1418.22284375
        ],
        [
            1420.2815937500002,
            1420.9734687500002
        ],
        [
            1422.17159375,
            1425.69846875
        ],
        [
            1428.4490937500002,
            1428.8878437500002
        ],
        [
            1430.5753437500002,
            1438.5740937500002
        ],
        [
            1470.1978437500002,
            1470.68721875
        ],
        [
            1493.1478437500002,
            1526.0372187500002
        ],
        [
            1526.52659375,
            1543.80659375
        ],
        [
            1673.18721875,
            1684.18971875
        ],
        [
            1688.5940937500002,
            1688.96534375
        ],
        [
            1692.3065937500003,
            1693.30221875
        ],
        [
            1695.71534375,
            1699.7484687500003
        ],
        [
            1700.60909375,
            1701.9759687500002
        ],
        [
            1703.15721875,
            1730.4778437500001
        ]
    ],